음 식 명,중량(g),에너지(kcal),탄수화물(g),당류(g),지방(g),단백질(g),칼슘(mg),인(mg),나트륨(mg),칼륨(mg),마그네슘(mg),철(mg),아연(mg),콜레스테롤(mg),트랜스지방(g),
수박 크러쉬,454,402.2,0,54.5,0,2.4,0,0,38.2,0,0,0,0,0,0,공차
자두 크러쉬,454,283.9,0,46.9,0,0.6,0,0,21.4,0,0,0,0,0,0,공차
멜론 그린 밀크티,454,272.7,0,39.1,0,5.1,0,0,53,0,0,0,0,0,0,공차
자두 요거티 스파클링,454,177.7,0,35,0,0.8,0,0,13.9,0,0,0,0,0,0,공차
리얼 망고 밀크티,454,257,0,35.5,0,6.5,0,0,85.8,0,0,0,0,0,0,공차
리얼 망고 요거티 크러쉬,454,350.1,0,51.6,0,2.5,0,0,85.8,0,0,0,0,0,0,공차
망고 쥬얼리 자몽 크러쉬,454,322,0,45.9,0,0.9,0,0,41,0,0,0,0,0,0,공차
망고 쥬얼리 밀크티,454,218.7,0,27.6,0,18.2,0,0,70.1,0,0,0,0,0,0,공차
브라운슈가 치즈폼 쿠키 밀크티,454,385.3,0,41,0,6.4,0,0,264.8,0,0,0,0,0,0,공차
브라운슈가 레드빈 밀크티,454,287.4,0,28.3,0,6,0,0,128.9,0,0,0,0,0,0,공차
브라운슈가 커피 밀크티,454,355,0,46,0,9.5,0,0,196.7,0,0,0,0,0,0,공차
브라운 슈가 치즈폼 스무디 (ice),454,438.6,0,42.8,0,1.7,0,0,200.5,0,0,0,0,0,0,공차
브라운 슈가 쥬얼리 밀크티(ice),454,313.6,0,35.1,0,7.1,0,0,153.6,0,0,0,0,0,0,공차
딸기&쿠키 밀크티 (ice),454,360.6,0,34.3,0,6.7,0,0,262.2,0,0,0,0,0,0,공차
딸기&요구르트 크러쉬 (ice),454,324.5,0,57,0,2.4,0,0,73.9,0,0,0,0,0,0,공차
딸기 쥬얼리 밀크티?(ice),454,216.2,0,27.7,0,4.9,0,0,64.8,0,0,0,0,0,0,공차
딸기쿠키스무디?(ice),454,428.2,0,52.5,0,3.3,0,0,107,0,0,0,0,0,0,공차
치즈폼 딥바닐라 밀크티 (ice),454,375.5,0,32.1,0,3.3,0,0,224.1,0,0,0,0,0,0,공차
치즈폼 딥바닐라 밀크티 (hot),397,458.5,0,38.6,0,9.2,0,0,289.4,0,0,0,0,0,0,공차
치즈폼 딥초코 밀크티 (iced),454,419.6,0,24,0,2.7,0,0,237.4,0,0,0,0,0,0,공차
치즈폼 딥초코 밀크티 (hot),397,523,0,30.7,0,10.6,0,0,311,0,0,0,0,0,0,공차
치즈폼 딥초코 스무디,454,430.4,0,27.6,0,3.3,0,0,181.1,0,0,0,0,0,0,공차
블랙밀크티+펄 (ice)L,454,363.6,0,47,0,1,0,0,55.7,0,0,0,0,0,0,공차
블랙밀크티+펄 (hot)L,397,174.3,0,12.4,0,5.5,0,0,68,0,0,0,0,0,0,공차
블랙밀크티+펄 (ice)J,624,463.6,0,62.5,0,1.3,0,0,73.7,0,0,0,0,0,0,공차
블랙밀크티+펄 (hot)J,454,183.8,0,13.2,0,6.2,0,0,75.8,0,0,0,0,0,0,공차
타로밀크티+펄 (ice)L,454,330.3,0,49.7,0,1,0,0,53.9,0,0,0,0,0,0,공차
타로밀크티+펄 (hot)L,397,383.1,0,12.2,0,1.2,0,0,100.6,0,0,0,0,0,0,공차
타로밀크티+펄 (ice)J,624,417.9,0,66.2,0,1.3,0,0,71.2,0,0,0,0,0,0,공차
타로밀크티+펄 (hot)J,454,418.6,0,13,0,1.3,0,0,112.1,0,0,0,0,0,0,공차
초콜렛밀크티 + 밀크폼(ice)L,454,251.7,0,24.7,0,2.5,0,0,166.1,0,0,0,0,0,0,공차
초콜렛밀크티 + 밀크폼(hot)L,397,331,0,5.8,0,2.9,0,0,200.1,0,0,0,0,0,0,공차
초콜렛밀크티 + 밀크폼(ice)J,624,311.5,0,33.9,0,3.2,0,0,177.6,0,0,0,0,0,0,공차
초콜렛밀크티 + 밀크폼(hot)J,454,360.7,0,6.3,0,3.2,0,0,208.2,0,0,0,0,0,0,공차
망고요구르트 + 화이트펄(ice)L,454,215.6,0,82.9,0,0.5,0,0,32.9,0,0,0,0,0,0,공차
망고요구르트 + 화이트펄(ice)J,624,283.1,0,116.1,0,0.6,0,0,45.8,0,0,0,0,0,0,공차
우롱밀크티 + 코코넛L,454,278.4,0,32.1,0,0.9,0,0,48.4,0,0,0,0,0,0,공차
우롱밀크티 + 코코넛J,624,365.4,0,39.9,0,1.2,0,0,66.4,0,0,0,0,0,0,공차
청포도그린티에이드 + 알로에L,454,202.6,0,6.4,0,0.5,0,0,4.9,0,0,0,0,0,0,공차
청포도그린티에이드 + 알로에J,624,268.6,0,6.4,0,0.7,0,0,6.1,0,0,0,0,0,0,공차
자스민 그린티 (ice)L,454,4.4,0,0,0,0.2,0,0,2.2,0,0,0,0,0,0,공차
자스민 그린티 (hot)L,397,6,0,0,0,0.4,0,0,4.7,0,0,0,0,0,0,공차
자스민 그린티 (ice)J,624,6,0,0,0,0.3,0,0,3,0,0,0,0,0,0,공차
자스민 그린티 (hot)J,454,6.8,0,0,0,0.4,0,0,5.3,0,0,0,0,0,0,공차
우롱티 (ice)L,454,2.1,0,0,0,0.1,0,0,1.7,0,0,0,0,0,0,공차
우롱티 (hot)L,397,4.3,0,0,0,0.4,0,0,4.8,0,0,0,0,0,0,공차
우롱티 (ice)J,624,2.9,0,0,0,0.2,0,0,2.4,0,0,0,0,0,0,공차
우롱티 (hot)J,454,4.8,0,0,0,0.4,0,0,5.4,0,0,0,0,0,0,공차
블랙티?(ice)L,454,4.4,0,0,0,0.7,0,0,2.2,0,0,0,0,0,0,공차
블랙티?(hot)L,397,6.4,0,0,0,1,0,0,4.8,0,0,0,0,0,0,공차
블랙티?(ice)J,624,6,0,0,0,0.9,0,0,3,0,0,0,0,0,0,공차
블랙티?(hot)J,454,7.2,0,0,0,1.2,0,0,5.4,0,0,0,0,0,0,공차
얼그레이티 (ice)L,454,4.7,0,0,0,0.9,0,0,3.2,0,0,0,0,0,0,공차
얼그레이티 (hot)L,397,6.1,0,0,0,0.4,0,0,6,0,0,0,0,0,0,공차
얼그레이티 (ice)J,624,6.5,0,0,0,1,0,0,4.4,0,0,0,0,0,0,공차
얼그레이티 (hot)J,454,7,0,0,0,0.5,0,0,6.8,0,0,0,0,0,0,공차
밀크폼 그린티 (ice)L,454,97.7,0,2.7,0,0.9,0,0,137.7,0,0,0,0,0,0,공차
밀크폼 그린티 (hot)L,397,99.3,0,2.7,0,1.1,0,0,140.2,0,0,0,0,0,0,공차
밀크폼 그린티 (ice)J,624,130.4,0,3.6,0,1.2,0,0,183.6,0,0,0,0,0,0,공차
밀크폼 그린티 (hot)J,454,131.2,0,3.6,0,1.3,0,0,185.9,0,0,0,0,0,0,공차
밀크폼 우롱티 (ice)L,454,95.4,0,2.7,0,0.8,0,0,137.2,0,0,0,0,0,0,공차
밀크폼 우롱티 (hot)L,397,97.6,0,2.7,0,1.1,0,0,140.3,0,0,0,0,0,0,공차
밀크폼 우롱티 (ice)J,624,127.3,0,3.6,0,1.1,0,0,183,0,0,0,0,0,0,공차
밀크폼 우롱티 (hot)J,454,129.2,0,3.6,0,1.3,0,0,186,0,0,0,0,0,0,공차
밀크폼 블랙티 (ice)L,454,97.7,0,2.7,0,1.4,0,0,137.7,0,0,0,0,0,0,공차
밀크폼 블랙티 (hot)L,397,99.7,0,2.7,0,1.7,0,0,140.3,0,0,0,0,0,0,공차
밀크폼 블랙티 (ice)J,624,130.4,0,3.6,0,1.8,0,0,183.6,0,0,0,0,0,0,공차
밀크폼 블랙티 (hot)J,454,131.6,0,3.6,0,2.1,0,0,168,0,0,0,0,0,0,공차
밀크폼 얼그레이티 (ice)L,454,98,0,2.7,0,1.6,0,0,138.7,0,0,0,0,0,0,공차
밀크폼 얼그레이티 (hot)L,397,99.4,0,2.7,0,1.1,0,0,141.5,0,0,0,0,0,0,공차
밀크폼 얼그레이티 (ice)J,624,130.9,0,3.6,0,1.9,0,0,185,0,0,0,0,0,0,공차
밀크폼 얼그레이티 (hot)J,454,131.4,0,3.6,0,1.4,0,0,187.4,0,0,0,0,0,0,공차
밀크폼 윈터멜론티 (ice)L,454,316.1,0,93.6,0,0.6,0,0,171.9,0,0,0,0,0,0,공차
밀크폼 윈터멜론티 (hot)L,397,309.3,0,54.2,0,0.8,0,0,180.3,0,0,0,0,0,0,공차
밀크폼 윈터멜론티 (ice)J,624,439.3,0,128.5,0,0.9,0,0,230.9,0,0,0,0,0,0,공차
밀크폼 윈터멜론티 (hot)J,454,336.3,0,60.6,0,0.9,0,0,186,0,0,0,0,0,0,공차
그린 밀크티 (ice)L,454,205.6,0,31.5,0,1.4,0,0,49,0,0,0,0,0,0,공차
그린 밀크티 (hot)L,397,99.4,0,6.8,0,5,0,0,60.9,0,0,0,0,0,0,공차
그린 밀크티 (ice)J,624,283.3,0,43.4,0,1.9,0,0,67.5,0,0,0,0,0,0,공차
그린 밀크티 (hot)J,454,111.8,0,7.7,0,5.6,0,0,68.5,0,0,0,0,0,0,공차
우롱 밀크티 (ice)L,454,230.4,0,20.7,0,0.9,0,0,47.7,0,0,0,0,0,0,공차
우롱 밀크티 (hot)L,397,68.7,0,6.1,0,5.3,0,0,68.4,0,0,0,0,0,0,공차
우롱 밀크티 (ice)J,624,317.4,0,28.5,0,1.2,0,0,65.7,0,0,0,0,0,0,공차
우롱 밀크티 (hot)J,454,77.31,0,6.9,0,6,0,0,77,0,0,0,0,0,0,공차
블랙 밀크티 (ice)L,454,265,0,40.9,0,0.9,0,0,47.7,0,0,0,0,0,0,공차
블랙 밀크티 (hot)L,397,75.7,0,6.3,0,5.4,0,0,60,0,0,0,0,0,0,공차
블랙 밀크티 (ice)J,624,365,0,56.4,0,1.2,0,0,65.7,0,0,0,0,0,0,공차
블랙 밀크티 (hot)J,454,85.2,0,7.1,0,6.1,0,0,67.8,0,0,0,0,0,0,공차
얼그레이 밀크티 (ice)L,454,240.3,0,17.1,0,1.4,0,0,56.2,0,0,0,0,0,0,공차
얼그레이 밀크티 (hot)L,397,81,0,6.2,0,5.3,0,0,57.4,0,0,0,0,0,0,공차
얼그레이 밀크티 (ice)J,624,331,0,23.5,0,1.9,0,0,77.5,0,0,0,0,0,0,공차
얼그레이 밀크티 (hot)J,454,91.2,0,7,0,5.9,0,0,64.6,0,0,0,0,0,0,공차
윈터멜론 밀크티 (ice)L,454,233.1,0,48.6,0,3.1,0,0,58.5,0,0,0,0,0,0,공차
윈터멜론 밀크티 (hot)L,397,207.4,0,36.8,0,4.6,0,0,93.5,0,0,0,0,0,0,공차
윈터멜론 밀크티 (ice)J,624,321.1,0,66.9,0,4.3,0,0,80.6,0,0,0,0,0,0,공차
윈터멜론 밀크티 (hot)J,454,233.3,0,41.4,0,5.2,0,0,105.2,0,0,0,0,0,0,공차
타로 밀크티 (ice)L,454,231.7,0,43.6,0,0.9,0,0,45.9,0,0,0,0,0,0,공차
타로 밀크티 (hot)L,397,284.5,0,6.1,0,1.1,0,0,92.6,0,0,0,0,0,0,공차
타로 밀크티 (ice)J,624,319.3,0,60.1,0,1.2,0,0,63.2,0,0,0,0,0,0,공차
타로 밀크티 (hot)J,454,320,0,6.9,0,1.2,0,0,104.1,0,0,0,0,0,0,공차
초콜렛 밀크티 (ice)L,454,158.4,0,22,0,1.8,0,0,30.6,0,0,0,0,0,0,공차
초콜렛 밀크티 (hot)L,397,237.7,0,3.1,0,2.2,0,0,64.6,0,0,0,0,0,0,공차
초콜렛 밀크티 (ice)J,624,218.2,0,30.3,0,2.5,0,0,42.1,0,0,0,0,0,0,공차
초콜렛 밀크티 (hot)J,454,267.4,0,3.6,0,2.5,0,0,72.7,0,0,0,0,0,0,공차
자몽 그린티 에이드L,454,68.4,0,35.5,0,0.9,0,0,0,0,0,0,0,0,0,공차
자몽 그린티 에이드J,624,94.2,0,48.9,0,1.2,0,0,0,0,0,0,0,0,0,공차
망고 그린티 에이드L,454,169.2,0,35.9,0,1.2,0,0,30.3,0,0,0,0,0,0,공차
망고 그린티 에이드J,624,232.6,0,49.3,0,1.7,0,0,41.7,0,0,0,0,0,0,공차
청포도 그린티 에이드L,454,176.4,0,0,0,0.5,0,0,3.1,0,0,0,0,0,0,공차
청포도 그린티 에이드J,624,242.4,0,0,0,0.5,0,0,4.3,0,0,0,0,0,0,공차
레몬 그린티 에이드L,454,146.7,0,34.5,0,0.7,0,0,2.9,0,0,0,0,0,0,공차
레몬 그린티 에이드J,624,201.7,0,46.8,0,1,0,0,4,0,0,0,0,0,0,공차
허니 레몬티?(ice)L,454,141.1,0,31.6,0,0.6,0,0,12.2,0,0,0,0,0,0,공차
허니 레몬티?(hot)L,397,164.6,0,40,0,0.5,0,0,8.4,0,0,0,0,0,0,공차
허니 레몬티?(ice)J,624,194,0,43.4,0,0.8,0,0,16.8,0,0,0,0,0,0,공차
허니 레몬티?(hot)J,454,188.3,0,45.8,0,0.5,0,0,9.6,0,0,0,0,0,0,공차
허니 자몽티 (ice)L,454,161.5,0,37.8,0,1.4,0,0,2.3,0,0,0,0,0,0,공차
허니 자몽티?(hot)L,397,187.7,0,42.6,0,0.8,0,0,4.4,0,0,0,0,0,0,공차
허니 자몽티 (ice)J,624,222,0,51.9,0,1.9,0,0,3.2,0,0,0,0,0,0,공차
허니 자몽티?(hot)J,454,214.7,0,48.8,0,0.9,0,0,5,0,0,0,0,0,0,공차
망고 주스L,454,142.2,0,54.4,0,0,0,0,22.5,0,0,0,0,0,0,공차
망고 주스J,624,195.9,0,75,0,0,0,0,31,0,0,0,0,0,0,공차
망고 요구르트L,454,178.6,0,73.8,0,0.5,0,0,27.4,0,0,0,0,0,0,공차
망고 요구르트J,624,246.1,0,101.6,0,0.6,0,0,37.8,0,0,0,0,0,0,공차
레몬 요구르트L,454,226.8,0,53.5,0,0.9,0,0,16.6,0,0,0,0,0,0,공차
레몬 요구르트J,624,312.4,0,73.7,0,1.2,0,0,22.9,0,0,0,0,0,0,공차
망고 스무디 (ice)L,454,294.3,0,55.6,0,1.26,0,0,61.4,0,0,0,0,0,0,공차
초코 쿠앤크 스무디?(ice)L,454,412.2,0,53.1,0,5.4,0,0,125.5,0,0,0,0,0,0,공차
밀크 쿠앤크 스무디 (ice)L,454,391.9,0,50.8,0,2.3,0,0,137.2,0,0,0,0,0,0,공차
청포도 스무디 (ice)L,454,281.6,0,61.5,0,0.2,0,0,5.6,0,0,0,0,0,0,공차
치즈폼 딥초코 스무디(ice)L,454,430.4,0,27.6,0,3.3,0,0,181.1,0,0,0,0,0,0,공차
블랙 밀크티 크러쉬L,454,344.4,0,29.4,0,1.8,0,0,445.7,0,0,0,0,0,0,공차
커피 밀크티 크러쉬+펄 (ice)L,454,361.2,0,27.9,0,1.5,0,0,53.9,0,0,0,0,0,0,공차
커피 밀크티 크러쉬+밀크폼 (ice)L,454,401.8,0,26.8,0,2.2,0,0,197.1,0,0,0,0,0,0,공차
제주 그린티 스무디L,454,452.2,0,47.1,0,1,0,0,193.2,0,0,0,0,0,0,공차
레몬요구르트스무디 (ice)L,454,234,0,82.3,0,1.4,0,0,16.6,0,0,0,0,0,0,공차
타로 스무디 (ice)L,454,274,0,45.9,0,0,0,0,36.9,0,0,0,0,0,0,공차
아메리카노 (ice)L,454,11,0,0,0,0.9,0,0,4.9,0,0,0,0,0,0,공차
아메리카노 (hot)L,397,14.4,0,0,0,0.8,0,0,9.1,0,0,0,0,0,0,공차
얼그레이 아메리카노 (ice)L,454,9.9,0,0,0,1.1,0,0,3.8,0,0,0,0,0,0,공차
얼그레이 아메리카노 (hot)L,397,13.8,0,0,0,1.1,0,0,8.6,0,0,0,0,0,0,공차
카페라떼 (ice)L,454,112.7,0,5.1,0,5.4,0,0,66.8,0,0,0,0,0,0,공차
카페라떼 (hot)L,397,187.5,0,7.6,0,8.4,0,0,107.7,0,0,0,0,0,0,공차
딥모카 카페라떼 (ice)L,454,359.7,0,23.3,0,7.9,0,0,234.1,0,0,0,0,0,0,공차
딥모카 카페라떼 (hot)L,397,453.9,0,28.1,0,10.5,0,0,319.5,0,0,0,0,0,0,공차
딥바닐라 카페라떼 (ice)L,454,215.8,0,22.8,0,6.2,0,0,71.9,0,0,0,0,0,0,공차
딥바닐라 카페라떼 (hot)L,397,347.1,0,34.6,0,10.9,0,0,128.7,0,0,0,0,0,0,공차
더블 그린 카페라떼 (ice)L,454,212,0,15.2,0,4.5,0,0,188.3,0,0,0,0,0,0,공차
더블 그린 카페라떼 (hot)L,397,324.4,0,20.5,0,8.9,0,0,261.3,0,0,0,0,0,0,공차
나이트로 바닐라 크림,355,75,0,10,0,1,0,0,20,0,0,0,0,0,0,스타벅스
나이트로 쇼콜라 클라우드,355,55,0,7,0,1,0,0,20,0,0,0,0,0,0,스타벅스
나이트로 콜드 브루,355,5,0,0,0,0,0,0,5,0,0,0,0,0,0,스타벅스
돌체 콜드 브루,355,265,0,29,0,8,0,0,115,0,0,0,0,0,0,스타벅스
바닐라 크림 콜드 브루,355,125,0,11,0,3,0,0,58,0,0,0,0,0,0,스타벅스
콜드 브루,355,5,0,0,0,0,0,0,11,0,0,0,0,0,0,스타벅스
콜드 브루 몰트,355,510,0,40,0,10,0,0,147.8,0,0,0,0,0,0,스타벅스
콜드 브루 플로트,355,230,0,18,0,3,0,0,69,0,0,0,0,0,0,스타벅스
콜드 폼 콜드 브루,355,105,0,20,0,5,0,0,175,0,0,0,0,0,0,스타벅스
아이스 커피,355,5,0,0,0,0,0,0,10,0,0,0,0,0,0,스타벅스
오늘의 커피,355,5,0,0,0,0,0,0,10,0,0,0,0,0,0,스타벅스
단호박 라떼 위드 샷,355,355,0,40,0,10,0,0,180,0,0,0,0,0,0,스타벅스
블랙 글레이즈드 라떼,355,410,0,36,0,11,0,0,240,0,0,0,0,0,0,스타벅스
아이스 단호박 라떼 위드 샷,355,265,0,33,0,6,0,0,110,0,0,0,0,0,0,스타벅스
아이스 블랙 글레이즈드 라떼,355,320,0,29,0,7,0,0,160,0,0,0,0,0,0,스타벅스
에스프레소 콘 파나,22,30,0,1,0,0,0,0,0,0,0,0,0,0,0,스타벅스
에스프레소 마키아또,22,10,0,0,0,1,0,0,0,0,0,0,0,0,0,스타벅스
아이스 카페 아메리카노,355,10,0,0,0,1,0,0,5,0,0,0,0,0,0,스타벅스
카페 아메리카노,355,10,0,0,0,1,0,0,5,0,0,0,0,0,0,스타벅스
아이스 카라멜 마키아또,355,190,0,22,0,7,0,0,95,0,0,0,0,0,0,스타벅스
카라멜 마키아또,355,200,0,22,0,8,0,0,100,0,0,0,0,0,0,스타벅스
아이스 카푸치노,355,115,0,9,0,6,0,0,90,0,0,0,0,0,0,스타벅스
카푸치노,355,110,0,8,0,6,0,0,70,0,0,0,0,0,0,스타벅스
라벤더 카페 브레베,355,406,0,30,0,7,0,0,140,0,0,0,0,0,0,스타벅스
럼 샷 코르타도,237,70,0,8,0,3,0,0,45,0,0,0,0,0,0,스타벅스
스타벅스 돌체 라떼,355,255,0,39,0,12,0,0,190,0,0,0,0,0,0,스타벅스
아이스 라벤더 카페 브레베,355,335,0,27,0,6,0,0,110,0,0,0,0,0,0,스타벅스
아이스 스타벅스 돌체 라떼,355,230,0,35,0,10,0,0,145,0,0,0,0,0,0,스타벅스
아이스 카페 라떼,355,110,0,8,0,6,0,0,75,0,0,0,0,0,0,스타벅스
카페 라떼,355,180,0,13,0,10,0,0,115,0,0,0,0,0,0,스타벅스
아이스 카페 모카,355,250,0,21,0,7,0,0,70,0,0,0,0,0,0,스타벅스
아이스 화이트 초콜릿 모카,355,350,0,41,0,8,0,0,150,0,0,0,0,0,0,스타벅스
카페 모카,355,290,0,25,0,10,0,0,105,0,0,0,0,0,0,스타벅스
화이트 초콜릿 모카,355,390,0,45,0,12,0,0,190,0,0,0,0,0,0,스타벅스
리스트레토 비안코,355,190,0,14,0,10,0,0,143,0,0,0,0,0,0,스타벅스
바닐라 스타벅스 더블 샷,207,125,0,14,0,2,0,0,30,0,0,0,0,0,0,스타벅스
블론드 리스트레토 마키아또,355,265,0,33,0,9,0,0,140,0,0,0,0,0,0,스타벅스
블론드 에스프레소 토닉,355,80,0,17,0,1,0,0,30,0,0,0,0,0,0,스타벅스
아이스 블론드 리스트레토 마키아또,355,215,0,28,0,6,0,0,95,0,0,0,0,0,0,스타벅스
에스프레소,22,5,0,0,0,0,0,0,0,0,0,0,0,0,0,스타벅스
카라멜 스타벅스 더블 샷,207,125,0,14,0,3,0,0,28.5,0,0,0,0,0,0,스타벅스
커피 스타벅스 더블 샷,207,125,0,14,0,3,0,0,28.5,0,0,0,0,0,0,스타벅스
클래식 아포가토,355,225,0,18,0,3,0,0,70,0,0,0,0,0,0,스타벅스
헤이즐넛 스타벅스 더블 샷,355,125,0,14,0,3,0,0,28.5,0,0,0,0,0,0,스타벅스
모카 프라푸치노,355,280,0,36,0,5,0,0,180,0,0,0,0,0,0,스타벅스
에스프레소 프라푸치노,355,140,0,22,0,3,0,0,125,0,0,0,0,0,0,스타벅스
이천 햅쌀 커피 프라푸치노,355,270,0,41,0,5,0,0,200,0,0,0,0,0,0,스타벅스
자바 칩 프라푸치노,355,340,0,42,0,6,0,0,180,0,0,0,0,0,0,스타벅스
카라멜 프라푸치노,355,300,0,39,0,4,0,0,190,0,0,0,0,0,0,스타벅스
화이트 초콜릿 모카 프라푸치노,355,320,0,43,0,5,0,0,210,0,0,0,0,0,0,스타벅스
그린 티 크림 프라푸치노,355,290,0,42,0,5,0,0,175,0,0,0,0,0,0,스타벅스
바닐라 크림 프라푸치노,355,310,0,38,0,9,0,0,241,0,0,0,0,0,0,스타벅스
이천 햅쌀 크림 프라푸치노,355,240,0,33,0,5,0,0,200,0,0,0,0,0,0,스타벅스
제주 까망 크림 프라푸치노,355,600,0,79,0,9,0,0,330,0,0,0,0,0,0,스타벅스
제주 말차샷 크림 프라푸치노,355,265,0,43,0,6,0,0,180.4,0,0,0,0,0,0,스타벅스
제주 쑥떡 크림 프라푸치노,355,460,0,57,0,8,0,0,250,0,0,0,0,0,0,스타벅스
초콜릿 크림 칩 프라푸치노,355,370,0,44,0,11,0,0,266,0,0,0,0,0,0,스타벅스
초콜릿 크림 프라푸치노,355,325,0,39,0,10,0,0,240,0,0,0,0,0,0,스타벅스
화이트 딸기 크림 프라푸치노,355,360,0,54,0,4,0,0,170,0,0,0,0,0,0,스타벅스
화이트 타이거 프라푸치노,355,410,0,57,0,5,0,0,220,0,0,0,0,0,0,스타벅스
망고 패션 후르츠 블렌디드,355,120,0,25,0,1,0,0,70,0,0,0,0,0,0,스타벅스
디카페인 아포가토 블렌디드,355,495,0,46,0,10,0,0,290,0,0,0,0,0,0,스타벅스
딸기 요거트 블렌디드,355,250,0,48,0,8,0,0,128.4,0,0,0,0,0,0,스타벅스
망고 바나나 블렌디드,355,270,0,48,0,4,0,0,110,0,0,0,0,0,0,스타벅스
익스트림 티 블렌디드,355,200,0,45,0,0,0,0,5,0,0,0,0,0,0,스타벅스
자몽 셔벗 블렌디드,355,225,0,51,0,1,0,0,15,0,0,0,0,0,0,스타벅스
매직 팝 스플래쉬 피지오,355,320,0,60,0,1,0,0,10,0,0,0,0,0,0,스타벅스
블랙 티 레모네이드 피지오,355,65,0,17,0,0,0,0,0.2,0,0,0,0,0,0,스타벅스
쿨 라임 피지오,355,100,0,25,0,0,0,0,0,0,0,0,0,0,0,스타벅스
패션 탱고 티 레모네이드 피지오,355,65,0,17,0,0,0,0,0.2,0,0,0,0,0,0,스타벅스
핑크 자몽 피지오,355,185,0,43,0,1,0,0,20,0,0,0,0,0,0,스타벅스
아이스 제주 유자 탱고 티,355,125,0,28,0,0,0,0,15,0,0,0,0,0,0,스타벅스
제주 유자 탱고 티,355,205,0,48,0,0,0,0,30,0,0,0,0,0,0,스타벅스
그랜마 애플 블랙 티,355,200,0,30,0,1,0,0,5,0,0,0,0,0,0,스타벅스
라임 패션 티,355,140,0,35,0,0,0,0,25,0,0,0,0,0,0,스타벅스
민트 블렌드 티,355,0,0,0,0,0,0,0,0,0,0,0,0,0,0,스타벅스
아이스 그랜마 애플 블랙 티,355,230,0,38,0,1,0,0,5,0,0,0,0,0,0,스타벅스
아이스 라임 패션 티,355,90,0,22,0,0,0,0,15,0,0,0,0,0,0,스타벅스
아이스 민트 블렌드 티,355,0,0,0,0,0,0,0,0,0,0,0,0,0,0,스타벅스
아이스 얼 그레이 티,355,0,0,0,0,0,0,0,0,0,0,0,0,0,0,스타벅스
아이스 유스베리 티,355,0,0,0,0,0,0,0,0,0,0,0,0,0,0,스타벅스
아이스 잉글리쉬 브렉퍼스트 티,355,0,0,0,0,0,0,0,0,0,0,0,0,0,0,스타벅스
아이스 제주 유기 녹차,355,0,0,0,0,0,0,0,0,0,0,0,0,0,0,스타벅스
아이스 차이 티,355,0,0,0,0,0,0,0,0,0,0,0,0,0,0,스타벅스
아이스 캐모마일 블렌드 티,355,0,0,0,0,0,0,0,0,0,0,0,0,0,0,스타벅스
아이스 히비스커스 블렌드 티,355,0,0,0,0,0,0,0,0,0,0,0,0,0,0,스타벅스
얼 그레이 티,355,0,0,0,0,0,0,0,0,0,0,0,0,0,0,스타벅스
유스베리 티,355,0,0,0,0,0,0,0,0,0,0,0,0,0,0,스타벅스
잉글리쉬 브렉퍼스트 티,355,0,0,0,0,0,0,0,0,0,0,0,0,0,0,스타벅스
자몽 허니 블랙 티,355,125,0,30,0,0,0,0,4.2,0,0,0,0,0,0,스타벅스
제주 유기 녹차,355,0,0,0,0,0,0,0,0,0,0,0,0,0,0,스타벅스
차이 티,355,0,0,0,0,0,0,0,0,0,0,0,0,0,0,스타벅스
캐모마일 블렌드 티,355,0,0,0,0,0,0,0,0,0,0,0,0,0,0,스타벅스
히비스커스 블렌드 티,355,0,0,0,0,0,0,0,0,0,0,0,0,0,0,스타벅스
가드닝 블랙 티,355,140,0,29,0,0,0,0,1.7,0,0,0,0,0,0,스타벅스
가드닝 캐모마일 티,355,130,0,30,0,0,0,0,2.3,0,0,0,0,0,0,스타벅스
썸머 시트러스 소르베 그린 티,355,255,0,57,0,1,0,0,5,0,0,0,0,0,0,스타벅스
썸머 시트러스 아이스 그린 티,355,185,0,41,0,0,0,0,5,0,0,0,0,0,0,스타벅스
아이스 자몽 허니 블랙 티,355,125,0,30,0,0,0,0,4.3,0,0,0,0,0,0,스타벅스
토마토 라임 그린 티,355,150,0,31,0,1,0,0,0,0,0,0,0,0,0,스타벅스
그린 티 라떼,355,260,0,29,0,10,0,0,170,0,0,0,0,0,0,스타벅스
아이스 그린 티 라떼,355,200,0,24,0,7,0,0,120,0,0,0,0,0,0,스타벅스
아이스 얼 그레이 티 라떼,355,60,0,13,0,2,0,0,30,0,0,0,0,0,0,스타벅스
아이스 제주 말차샷 라떼,355,185,0,22,0,7,0,0,110,0,0,0,0,0,0,스타벅스
아이스 차이 티 라떼,355,190,0,31,0,5,0,0,70,0,0,0,0,0,0,스타벅스
얼그레이 티 라떼,355,100,0,19,0,5,0,0,100,0,0,0,0,0,0,스타벅스
제주 말차샷 라떼,355,250,0,27,0,10,0,0,160,0,0,0,0,0,0,스타벅스
차이 티 라떼,355,200,0,31,0,6,0,0,70,0,0,0,0,0,0,스타벅스
아이스 제주 노랑 고구마 라떼,355,410,0,46,0,16,0,0,140,0,0,0,0,0,0,스타벅스
제주 노랑 고구마 라떼,355,365,0,46,0,16,0,0,160,0,0,0,0,0,0,스타벅스
시그니처 핫 초콜릿,355,435,0,37,0,12,0,0,114,0,0,0,0,0,0,스타벅스
아이스 시그니처 초콜릿,355,435,0,37,0,12,0,0,114,0,0,0,0,0,0,스타벅스
부산 레드 온더 비치,355,175,0,28,0,0,0,0,0,0,0,0,0,0,0,스타벅스
스팀 우유,355,215,0,18,0,13,0,0,173,0,0,0,0,0,0,스타벅스
아이스 라임 플로터,355,110,0,27,0,0.3,0,0,6.5,0,0,0,0,0,0,스타벅스
아이스 오렌지 플로터,355,100,0,22,0,0.6,0,0,7,0,0,0,0,0,0,스타벅스
아이스 와일드 베리 플로터,355,130,0,28,0,1,0,0,9,0,0,0,0,0,0,스타벅스
아이스 제주 까망 라떼,355,225,0,13,0,8,0,0,130,0,0,0,0,0,0,스타벅스
우유,355,240,0,18,0,12,0,0,200,0,0,0,0,0,0,스타벅스
제주 까망 라떼,355,225,0,18,0,10,0,0,170,0,0,0,0,0,0,스타벅스
제주 쑥쑥 라떼,355,425,0,50,0,16,0,0,210,0,0,0,0,0,0,스타벅스
넛츠 바닐라 아포가토,165,282,0,15,0,6,0,0,37,0,0,0,0,0,0,스타벅스
넛츠 초콜릿 아포가토,165,401,0,23,0,10,0,0,81,0,0,0,0,0,0,스타벅스
바닐라 아포가토,150,180,0,15,0,3,0,0,37,0,0,0,0,0,0,스타벅스
자바 칩 바닐라 아포가토,160,215,0,19,0,3,0,0,52,0,0,0,0,0,0,스타벅스
자바 칩 초콜릿 아포가토,160,334,0,27,0,7,0,0,96,0,0,0,0,0,0,스타벅스
초콜릿 아포가토,150,299,0,23,0,7,0,0,81,0,0,0,0,0,0,스타벅스
연유 카페라떼 HOT,370,330,0,33,0,9,0,0,147,0,0,0,0,0,0,이디야커피
연유 카페라떼 ICED,400,280,0,29,0,6,0,0,107,0,0,0,0,0,0,이디야커피
연유 콜드브루,370,282,0,29,0,6,0,0,107,0,0,0,0,0,0,이디야커피
흑당 라떼,370,243,0,41,0,5,0,0,85,0,0,0,0,0,0,이디야커피
(EX)흑당 라떼,630,388,0,65,0,8,0,0,140,0,0,0,0,0,0,이디야커피
흑당 콜드브루,370,248,0,41,0,5,0,0,85,0,0,0,0,0,0,이디야커피
(EX)흑당 콜드브루,630,397,0,65,0,9,0,0,140,0,0,0,0,0,0,이디야커피
버블 흑당 라떼,370,266,0,39,0,4,0,0,79,0,0,0,0,0,0,이디야커피
(EX)버블 흑당 라떼,630,430,0,64,0,8,0,0,149,0,0,0,0,0,0,이디야커피
버블 흑당 콜드브루,370,271,0,39,0,5,0,0,79,0,0,0,0,0,0,이디야커피
(EX)버블 흑당 콜드브루,630,439,0,64,0,9,0,0,149,0,0,0,0,0,0,이디야커피
이디야 콤부차 복숭아망고,370,128,0,29,0,0,0,0,20,0,0,0,0,0,0,이디야커피
이디야 콤부차 청포도레몬,370,120,0,26,0,0,0,0,4,0,0,0,0,0,0,이디야커피
이디야 사과주스,370,115,0,26,0,0,0,0,11,0,0,0,0,0,0,이디야커피
버블 크림 밀크티,370,315,0,33,0,6,0,0,111,0,0,0,0,0,0,이디야커피
버블 베리 밀크티,370,299,0,31,0,6,0,0,110,0,0,0,0,0,0,이디야커피
버블 밀크티 쉐이크,400,649,0,52,0,30,0,0,158,0,0,0,0,0,0,이디야커피
버블 베리 쉐이크,400,633,0,50,0,30,0,0,157,0,0,0,0,0,0,이디야커피
라이언 망고후르츠,370,290,0,59,0,0,0,0,58,0,0,0,0,0,0,이디야커피
어피치 애플허니,370,255,0,60,0,0,0,0,15,0,0,0,0,0,0,이디야커피
콜드브루 아메리카노,370,6,0,0,0,0,0,0,0,0,0,0,0,0,0,이디야커피
아포가토 오리지널,370,166,0,16,0,4,0,0,35,0,0,0,0,0,0,이디야커피
아포가토 콜드브루 바닐라 모카,370,228,0,29,0,4,0,0,40,0,0,0,0,0,0,이디야커피
(EX) 선셋 펀치,630,168,0,38,0,0,0,0,12,0,0,0,0,0,0,이디야커피
선셋 펀치,370,112,0,26,0,0,0,0,8,0,0,0,0,0,0,이디야커피
선라이즈 펀치,370,140,0,28,0,0,0,0,3,0,0,0,0,0,0,이디야커피
(EX) 선라이즈 펀치,630,209,0,41,0,0,0,0,4,0,0,0,0,0,0,이디야커피
오션 펀치,370,122,0,30,0,0,0,0,5,0,0,0,0,0,0,이디야커피
(EX) 오션 펀치,630,183,0,44,0,0,0,0,8,0,0,0,0,0,0,이디야커피
(EX) ICED 석류애플라임,630,312,0,63,0,0,0,0,15,0,0,0,0,0,0,이디야커피
자몽네이블오렌지,370,136,0,30,0,0,0,0,10,0,0,0,0,0,0,이디야커피
유자피나콜라다,370,104,0,25,0,0,0,0,5,0,0,0,0,0,0,이디야커피
석류애플라임,370,136,0,32,0,0,0,0,10,0,0,0,0,0,0,이디야커피
(EX)ICED 자몽네이블 오렌지,630,322,0,72,0,1,0,0,4,0,0,0,0,0,0,이디야커피
(EX)ICED 유자피나콜라다,630,290,0,67,0,1,0,0,2,0,0,0,0,0,0,이디야커피
꿀복숭아 플랫치노,400,225,0,49,0,0,0,0,9,0,0,0,0,0,0,이디야커피
콜드브루 라떼,370,128,0,9,0,6,0,0,95,0,0,0,0,0,0,이디야커피
콜드브루 화이트 비엔나,370,289,0,33,0,7,0,0,137,0,0,0,0,0,0,이디야커피
니트로커피,370,12,0,0,0,1,0,0,0,0,0,0,0,0,0,이디야커피
ICED 브라우니 쇼콜라,400,503,0,42,0,9,0,0,262,0,0,0,0,0,0,이디야커피
HOT 브라우니 쇼콜라,370,503,0,42,0,9,0,0,299,0,0,0,0,0,0,이디야커피
제주청귤 오리지널,370,218,0,51,0,0,0,0,4,0,0,0,0,0,0,이디야커피
제주청귤 블라썸,370,202,0,46,0,1,0,0,5,0,0,0,0,0,0,이디야커피
석류 오리지널,370,176,0,31,0,0,0,0,10,0,0,0,0,0,0,이디야커피
석류 애플라임,370,186,0,32,0,0,0,0,12,0,0,0,0,0,0,이디야커피
HOT 레몬 스윗플럼,370,229,0,45,0,1,0,0,10,0,0,0,0,0,0,이디야커피
자몽 네이블 오렌지,370,196,0,43,0,0,0,0,6,0,0,0,0,0,0,이디야커피
HOT 유자 피나콜라다,370,197,0,43,0,0,0,0,3,0,0,0,0,0,0,이디야커피
HOT 에스프레소,370,8,0,0,0,1,0,0,0,0,0,0,0,0,0,이디야커피
HOT 에스프레소 마끼아또,370,14,0,0,0,1,0,0,5,0,0,0,0,0,0,이디야커피
HOT 에스프레소 콘파냐,370,47,0,2,0,1,0,0,8,0,0,0,0,0,0,이디야커피
ICED 카페 아메리카노,400,8,0,0,0,1,0,0,0,0,0,0,0,0,0,이디야커피
HOT 카페 아메리카노,370,8,0,0,0,1,0,0,0,0,0,0,0,0,0,이디야커피
(EX)ICED 카페 아메리카노,630,16,0,0,0,1,0,0,1,0,0,0,0,0,0,이디야커피
(EX)HOT 카페 아메리카노,630,16,0,0,0,1,0,0,1,0,0,0,0,0,0,이디야커피
ICED 카페 라떼,400,108,0,7,0,5,0,0,80,0,0,0,0,0,0,이디야커피
(EX)ICED 카페 라떼,630,184,0,12,0,9,0,0,136,0,0,0,0,0,0,이디야커피
HOT 카페 라떼,370,164,0,11,0,8,0,0,125,0,0,0,0,0,0,이디야커피
(EX)HOT 카페 라떼,630,321,0,22,0,16,0,0,246,0,0,0,0,0,0,이디야커피
ICED 카푸치노,400,124,0,8,0,6,0,0,91,0,0,0,0,0,0,이디야커피
HOT 카푸치노,370,136,0,9,0,7,0,0,101,0,0,0,0,0,0,이디야커피
ICED 카페 모카,400,294,0,24,0,6,0,0,100,0,0,0,0,0,0,이디야커피
HOT 카페 모카,370,322,0,26,0,8,0,0,133,0,0,0,0,0,0,이디야커피
(EX)ICED 카페 모카,630,417,0,38,0,10,0,0,147,0,0,0,0,0,0,이디야커피
(EX)HOT 카페 모카,630,542,0,47,0,16,0,0,247,0,0,0,0,0,0,이디야커피
ICED 카라멜 마끼아또,400,167,0,20,0,5,0,0,123,0,0,0,0,0,0,이디야커피
HOT 카라멜 마끼아또,370,217,0,24,0,8,0,0,163,0,0,0,0,0,0,이디야커피
(EX)ICED 카라멜 마끼아또,630,275,0,35,0,8,0,0,165,0,0,0,0,0,0,이디야커피
(EX)HOT 카라멜 마끼아또,630,412,0,45,0,15,0,0,275,0,0,0,0,0,0,이디야커피
ICED 바닐라 라떼,400,168,0,15,0,6,0,0,79,0,0,0,0,0,0,이디야커피
HOT 바닐라 라떼,370,218,0,18,0,8,0,0,119,0,0,0,0,0,0,이디야커피
(EX)ICED 바닐라 라떼,630,298,0,26,0,10,0,0,127,0,0,0,0,0,0,이디야커피
(EX)HOT 바닐라 라떼,630,435,0,36,0,17,0,0,237,0,0,0,0,0,0,이디야커피
ICED 화이트 초콜릿 모카,400,310,0,29,0,5,0,0,122,0,0,0,0,0,0,이디야커피
HOT 화이트 초콜릿 모카,370,346,0,32,0,8,0,0,163,0,0,0,0,0,0,이디야커피
ICED 민트모카,400,335,0,28,0,6,0,0,119,0,0,0,0,0,0,이디야커피
HOT 민트 모카,370,360,0,30,0,8,0,0,150,0,0,0,0,0,0,이디야커피
ICED 초콜릿,400,321,0,26,0,6,0,0,143,0,0,0,0,0,0,이디야커피
HOT 초콜릿,370,346,0,30,0,8,0,0,152,0,0,0,0,0,0,이디야커피
(EX)ICED 초콜릿,630,459,0,44,0,11,0,0,185,0,0,0,0,0,0,이디야커피
(EX)HOT 초콜릿,630,564,0,52,0,17,0,0,281,0,0,0,0,0,0,이디야커피
ICED 화이트 초콜릿,400,321,0,31,0,5,0,0,137,0,0,0,0,0,0,이디야커피
HOT 화이트 초콜릿,370,345,0,33,0,7,0,0,168,0,0,0,0,0,0,이디야커피
ICED 녹차 라떼,400,188,0,24,0,6,0,0,87,0,0,0,0,0,0,이디야커피
HOT 녹차 라떼,370,238,0,28,0,8,0,0,127,0,0,0,0,0,0,이디야커피
(EX)IXED 녹차 라떼,630,341,0,45,0,10,0,0,148,0,0,0,0,0,0,이디야커피
(EX)HOT 녹차 라떼,630,466,0,54,0,16,0,0,248,0,0,0,0,0,0,이디야커피
ICED 민트 초콜릿,400,346,0,29,0,7,0,0,133,0,0,0,0,0,0,이디야커피
HOT 민트 초콜릿,370,371,0,32,0,9,0,0,164,0,0,0,0,0,0,이디야커피
ICED 이곡 라떼,400,235,0,24,0,9,0,0,92,0,0,0,0,0,0,이디야커피
HOT 이곡 라떼,370,279,0,28,0,11,0,0,127,0,0,0,0,0,0,이디야커피
ICED 토피 넛 라떼,400,254,0,21,0,6,0,0,173,0,0,0,0,0,0,이디야커피
HOT 토피 넛 라떼,370,308,0,25,0,8,0,0,215,0,0,0,0,0,0,이디야커피
(EX)IXCED 토피 넛 라떼,630,398,0,32,0,10,0,0,274,0,0,0,0,0,0,이디야커피
(EX)HOT 토피 넛 라떼,630,523,0,41,0,16,0,0,374,0,0,0,0,0,0,이디야커피
ICED 고구마 라떼,400,425,0,34,0,7,0,0,103,0,0,0,0,0,0,이디야커피
HOT 고구마 라떼,370,325,0,34,0,7,0,0,103,0,0,0,0,0,0,이디야커피
홍시주스,400,238,0,57,0,1,0,0,27,0,0,0,0,0,0,이디야커피
골드키위주스,400,241,0,56,0,1,0,0,23,0,0,0,0,0,0,이디야커피
딸기주스,400,260,0,59,0,2,0,0,4,0,0,0,0,0,0,이디야커피
아이스티 복숭아,400,185,0,44,0,0,0,0,9,0,0,0,0,0,0,이디야커피
(EX)아이스티 복숭아,630,370,0,87,0,0,0,0,18,0,0,0,0,0,0,이디야커피
아이스티 레몬,400,178,0,43,0,0,0,0,16,0,0,0,0,0,0,이디야커피
(EX)아이스티 레몬,630,356,0,86,0,0,0,0,32,0,0,0,0,0,0,이디야커피
ICED 어린잎 녹차(작설차),400,0,0,0,0,0,0,0,0,0,0,0,0,0,0,이디야커피
HOT 어린잎 녹차(작설차),370,0,0,0,0,0,0,0,0,0,0,0,0,0,0,이디야커피
ICED 얼그레이 홍차(블랙티),400,0,0,0,0,0,0,0,0,0,0,0,0,0,0,이디야커피
HOT 얼그레이 홍차(블랙티),370,0,0,0,0,0,0,0,0,0,0,0,0,0,0,이디야커피
ICED 로즈 자스민 티,400,0,0,0,0,0,0,0,0,0,0,0,0,0,0,이디야커피
HOT 로즈자스민티,370,0,0,0,0,0,0,0,0,0,0,0,0,0,0,이디야커피
ICED 캐모마일레드티,400,0,0,0,0,0,0,0,0,0,0,0,0,0,0,이디야커피
HOT 캐모마일레드티,370,0,0,0,0,0,0,0,0,0,0,0,0,0,0,이디야커피
ICED 페퍼민트티,400,0,0,0,0,0,0,0,0,0,0,0,0,0,0,이디야커피
HOT 페퍼민트티,370,0,0,0,0,0,0,0,0,0,0,0,0,0,0,이디야커피
ICED 밀크티,400,138,0,14,0,5,0,0,91,0,0,0,0,0,0,이디야커피
HOT 밀크티,370,173,0,17,0,7,0,0,118,0,0,0,0,0,0,이디야커피
유자차,370,187,0,42,0,0,0,0,2,0,0,0,0,0,0,이디야커피
레몬차,370,218,0,44,0,0,0,0,1,0,0,0,0,0,0,이디야커피
자몽차,370,186,0,42,0,0,0,0,2,0,0,0,0,0,0,이디야커피
커피 플랫치노,400,181,0,26,0,2,0,0,116,0,0,0,0,0,0,이디야커피
망고 플랫치노,400,256,0,59,0,0,0,0,16,0,0,0,0,0,0,이디야커피
모카 플랫치노,400,220,0,32,0,2,0,0,121,0,0,0,0,0,0,이디야커피
카라멜 플랫치노,400,358,0,41,0,2,0,0,189,0,0,0,0,0,0,이디야커피
자몽 플랫치노,400,150,0,35,0,1,0,0,13,0,0,0,0,0,0,이디야커피
그린 애플 플랫치노,400,223,0,49,0,0,0,0,27,0,0,0,0,0,0,이디야커피
녹차 플랫치노,400,287,0,28,0,4,0,0,84,0,0,0,0,0,0,이디야커피
초코렛 칩 플랫치노,400,410,0,43,0,7,0,0,141,0,0,0,0,0,0,이디야커피
민트 초코렛 칩 플랫치노,400,497,0,51,0,6,0,0,118,0,0,0,0,0,0,이디야커피
플레인 요거트 플랫치노,400,227,0,31,0,7,0,0,78,0,0,0,0,0,0,이디야커피
블루베리 요거트 플랫치노,400,298,0,46,0,7,0,0,82,0,0,0,0,0,0,이디야커피
딸기 요거트 플랫치노,400,322,0,53,0,7,0,0,84,0,0,0,0,0,0,이디야커피
오리진 쉐이크,400,535,0,42,0,8,0,0,208,0,0,0,0,0,0,이디야커피
초코 쿠키쉐이크,400,613,0,46,0,9,0,0,304,0,0,0,0,0,0,이디야커피
딸기 쉐이크,400,650,0,64,0,9,0,0,215,0,0,0,0,0,0,이디야커피
(EX) 레몬에이드,630,188,0,44,0,0,0,0,8,0,0,0,0,0,0,이디야커피
레몬에이드,400,117,0,27,0,0,0,0,5,0,0,0,0,0,0,이디야커피
자몽에이드,400,124,0,29,0,1,0,0,13,0,0,0,0,0,0,이디야커피
(EX) 자몽에이드,630,199,0,46,0,1,0,0,19,0,0,0,0,0,0,이디야커피
청포도에이드,400,131,0,30,0,0,0,0,3,0,0,0,0,0,0,이디야커피
(EX) 청포도에이드,630,197,0,45,0,0,0,0,5,0,0,0,0,0,0,이디야커피
라임에이드,400,134,0,29,0,0,0,0,2,0,0,0,0,0,0,이디야커피
(EX) 라임에이드,630,201,0,44,0,0,0,0,3,0,0,0,0,0,0,이디야커피
더블에스프레소,60,22,0,0,0,1,0,0,0,0,0,0,0,0,0,빽다방
앗!메리카노(HOT),420,14,0,0,0,0,0,0,4,0,0,0,0,0,0,빽다방
앗!메리카노(ICED),625,13,0,0,0,0,0,0,4,0,0,0,0,0,0,빽다방
원조커피(HOT),375,410,0,46,0,3,0,0,39,0,0,0,0,0,0,빽다방
원조커피(ICED),625,393,0,42,0,2,0,0,39,0,0,0,0,0,0,빽다방
달달연유라떼(HOT),225,240,0,33,0,8,0,0,70,0,0,0,0,0,0,빽다방
달달연유라떼(ICED),400,285,0,32,0,9,0,0,84,0,0,0,0,0,0,빽다방
빽’s 라떼(HOT),300,253,0,9,0,8,0,0,69,0,0,0,0,0,0,빽다방
빽’s 라떼(ICED),625,198,0,10,0,10,0,0,81,0,0,0,0,0,0,빽다방
블랙펄카페라떼,425,349,0,13,0,5,0,0,68,0,0,0,0,0,0,빽다방
바닐라라떼(HOT),325,351,0,35,0,9,0,0,136,0,0,0,0,0,0,빽다방
바닐라라떼(ICED),600,433,0,38,0,9,0,0,144,0,0,0,0,0,0,빽다방
카페모카(HOT),350,319,0,32,0,13,0,0,144,0,0,0,0,0,0,빽다방
카페모카(ICED),625,365,0,36,0,13,0,0,146,0,0,0,0,0,0,빽다방
카라멜마키아또(HOT),350,354,0,40,0,8,0,0,137,0,0,0,0,0,0,빽다방
카라멜마키아또(ICED),625,382,0,43,0,9,0,0,148,0,0,0,0,0,0,빽다방
크리미모카라떼(HOT),325,440,0,41,0,8,0,0,103,0,0,0,0,0,0,빽다방
크리미모카라떼(ICED),625,612,0,49,0,10,0,0,119,0,0,0,0,0,0,빽다방
완전초코(HOT),325,342,0,45,0,9,0,0,108,0,0,0,0,0,0,빽다방
완전초코(ICED),625,389,0,56,0,10,0,0,126,0,0,0,0,0,0,빽다방
녹차라떼(HOT),325,351,0,51,0,10,0,0,78,0,0,0,0,0,0,빽다방
녹차라떼(ICED),550,327,0,33,0,9,0,0,65,0,0,0,0,0,0,빽다방
민트초코라떼(HOT),325,413,0,58,0,11,0,0,187,0,0,0,0,0,0,빽다방
민트초코라떼(ICED),700,498,0,43,0,13,0,0,210,0,0,0,0,0,0,빽다방
토피넛라떼(HOT),350,411,0,19,0,8,0,0,174,0,0,0,0,0,0,빽다방
토피넛라떼(ICED),650,469,0,16,0,8,0,0,197,0,0,0,0,0,0,빽다방
밀크티(HOT),375,313,0,35,0,9,0,0,70,0,0,0,0,0,0,빽다방
밀크티(ICED),625,353,0,37,0,9,0,0,77,0,0,0,0,0,0,빽다방
블랙펄라떼,400,282,0,11,0,5,0,0,64,0,0,0,0,0,0,빽다방
블랙펄밀크티,0,365,0,5,0,3,0,0,36,0,0,0,0,0,0,빽다방
깔라만시티,300,244,0,57,0,0,0,0,71,0,0,0,0,0,0,빽다방
레몬티,400,272,0,66,0,0,0,0,60,0,0,0,0,0,0,빽다방
레모네이드,625,246,0,60,0,0,0,0,55,0,0,0,0,0,0,빽다방
자몽티,400,281,0,66,0,1,0,0,15,0,0,0,0,0,0,빽다방
청포도플라워,550,220,0,52,0,0,0,0,6,0,0,0,0,0,0,빽다방
청포도에이드,600,234,0,56,0,0,0,0,8,0,0,0,0,0,0,빽다방
깔라만시에이드,600,215,0,50,0,1,0,0,81,0,0,0,0,0,0,빽다방
자몽에이드,625,258,0,61,0,1,0,0,16,0,0,0,0,0,0,빽다방
완전파인애플,625,192,0,32,0,1,0,0,5,0,0,0,0,0,0,빽다방
완전망고,625,241,0,37,0,2,0,0,7,0,0,0,0,0,0,빽다방
플레인요거트스무디,600,494,0,94,0,7,0,0,77,0,0,0,0,0,0,빽다방
딸기요거트스무디,625,448,0,45,0,8,0,0,109,0,0,0,0,0,0,빽다방
노말한소프트,225,333,0,20,0,4,0,0,70,0,0,0,0,0,0,빽다방
완전딸기바나나(BASIC),625,502,0,53,0,7,0,0,114,0,0,0,0,0,0,빽다방
완전딸기바나나(SOFT),765,709,0,66,0,9,0,0,158,0,0,0,0,0,0,빽다방
완전초코바나나(BASIC),625,577,0,34,0,10,0,0,105,0,0,0,0,0,0,빽다방
완전초코바나나(SOFT),765,784,0,47,0,12,0,0,148,0,0,0,0,0,0,빽다방
피스타치오빽스치노(BASIC),625,535,0,12,0,8,0,0,329,0,0,0,0,0,0,빽다방
피스타치오빽스치노(SOFT),765,742,0,24,0,10,0,0,373,0,0,0,0,0,0,빽다방
녹차빽스치노(BASIC),625,487,0,32,0,9,0,0,120,0,0,0,0,0,0,빽다방
녹차빽스치노(SOFT),765,694,0,45,0,12,0,0,163,0,0,0,0,0,0,빽다방
원조빽스치노(BASIC),625,593,0,72,0,9,0,0,103,0,0,0,0,0,0,빽다방
원조빽스치노(SOFT),765,800,0,85,0,12,0,0,147,0,0,0,0,0,0,빽다방
민트초코 빽스치노(BASIC),625,602,0,28,0,12,0,0,244,0,0,0,0,0,0,빽다방
민트초코 빽스치노(SOFT),965,809,0,40,0,15,0,0,287,0,0,0,0,0,0,빽다방
프리미엄 블렌드 딥라떼 HOT,354,141,0,9,0,7,0,0,100,0,0,0,0,0,0,할리스커피
프리미엄 블렌드 딥라떼 ICED,354,109,0,7,0,5,0,0,75,0,0,0,0,0,0,할리스커피
인절미 크림라떼 HOT,354,496,0,49,0,11,0,0,191,0,0,0,0,0,0,할리스커피
인절미 크림라떼 ICED,354,408,0,43,0,7,0,0,124,0,0,0,0,0,0,할리스커피
리스트레또 딜라이트 HOT,354,303,0,31,0,12,0,0,199,0,0,0,0,0,0,할리스커피
리스트레또 딜라이트 ICED,354,237,0,24,0,7,0,0,121,0,0,0,0,0,0,할리스커피
티라미스 크림라떼 ICED,354,283,0,14,0,5,0,0,123,0,0,0,0,0,0,할리스커피
밀크티 크림라떼 ICED,354,257,0,18,0,5,0,0,84,0,0,0,0,0,0,할리스커피
그린티 크림라떼 ICED,354,258,0,17,0,5,0,0,83,0,0,0,0,0,0,할리스커피
스위트 크림라떼 ICED,354,222,0,10,0,5,0,0,82,0,0,0,0,0,0,할리스커피
콜드브루 라떼 ICED,354,125,0,8,0,5,0,0,85,0,0,0,0,0,0,할리스커피
콜드브루,354,15,0,0,0,0,0,0,0,0,0,0,0,0,0,할리스커피
아포가토,150,183,0,12,0,4,0,0,36,0,0,0,0,0,0,할리스커피
리얼 벨지안 카페모카,354,508,0,35,0,11,0,0,100,0,0,0,0,0,0,할리스커피
바닐라딜라이트 HOT,354,321,0,29,0,10,0,0,220,0,0,0,0,0,0,할리스커피
바닐라딜라이트 ICED,354,245,0,24,0,6,0,0,161,0,0,0,0,0,0,할리스커피
카라멜 마키아또 HOT,354,246,0,24,0,8,0,0,136,0,0,0,0,0,0,할리스커피
카라멜 마키아또 ICED,354,174,0,20,0,5,0,0,81,0,0,0,0,0,0,할리스커피
카페모카 HOT,354,332,0,29,0,9,0,0,142,0,0,0,0,0,0,할리스커피
카페모카 ICED,354,287,0,30,0,6,0,0,92,0,0,0,0,0,0,할리스커피
카푸치노 HOT,354,160,0,10,0,7,0,0,115,0,0,0,0,0,0,할리스커피
카페라떼 HOT,354,180,0,12,0,8,0,0,130,0,0,0,0,0,0,할리스커피
카페라떼 ICED,354,103,0,6,0,5,0,0,72,0,0,0,0,0,0,할리스커피
아메리카노 HOT,354,11,0,0,0,1,0,0,0,0,0,0,0,0,0,할리스커피
아메리카노 ICED,354,11,0,0,0,1,0,0,0,0,0,0,0,0,0,할리스커피
에스프레소 마키아또 HOT,25,12,0,0,0,1,0,0,5,0,0,0,0,0,0,할리스커피
에스프레소 꼰빠냐 HOT,25,61,0,1,0,1,0,0,9,0,0,0,0,0,0,할리스커피
에스프레소 HOT,25,5,0,0,0,0,0,0,0,0,0,0,0,0,0,할리스커피
우리 사과ㆍ히비스커스 HOT,354,140,0,33,0,0,0,0,13,0,0,0,0,0,0,할리스커피
우리 사과ㆍ히비스커스 ICED,354,140,0,33,0,0,0,0,13,0,0,0,0,0,0,할리스커피
우리 사과ㆍ레몬차 HOT,354,208,0,49,0,0,0,0,20,0,0,0,0,0,0,할리스커피
우리 사과ㆍ레몬차 ICED,354,208,0,49,0,0,0,0,20,0,0,0,0,0,0,할리스커피
천도복숭아 라떼 ICED,354,264,0,47,0,5,0,0,80,0,0,0,0,0,0,할리스커피
유자 캐모마일 HOT,354,188,0,34,0,0,0,0,14,0,0,0,0,0,0,할리스커피
유자 캐모마일 ICED,354,188,0,34,0,0,0,0,14,0,0,0,0,0,0,할리스커피
복숭아 얼그레이 HOT,354,102,0,25,0,0,0,0,3,0,0,0,0,0,0,할리스커피
복숭아 얼그레이 ICED,354,102,0,25,0,0,0,0,3,0,0,0,0,0,0,할리스커피
고구마라떼 HOT,354,438,0,32,0,8,0,0,132,0,0,0,0,0,0,할리스커피
고구마라떼 ICED,354,319,0,23,0,6,0,0,93,0,0,0,0,0,0,할리스커피
히비스커스블렌드 HOT,354,0,0,0,0,0,0,0,0,0,0,0,0,0,0,할리스커피
히비스커스블렌드 ICED,354,0,0,0,0,0,0,0,0,0,0,0,0,0,0,할리스커피
피치우롱 HOT,354,0,0,0,0,0,0,0,0,0,0,0,0,0,0,할리스커피
피치우롱 ICED,354,0,0,0,0,0,0,0,0,0,0,0,0,0,0,할리스커피
페퍼민트 HOT,354,2,0,0,0,0,0,0,0,0,0,0,0,0,0,할리스커피
페퍼민트 ICED,354,1,0,0,0,0,0,0,0,0,0,0,0,0,0,할리스커피
캐모마일 HOT,354,3,0,0,0,0,0,0,3,0,0,0,0,0,0,할리스커피
캐모마일 ICED,354,1,0,0,0,0,0,0,2,0,0,0,0,0,0,할리스커피
얼그레이 HOT,354,3,0,0,0,0,0,0,0,0,0,0,0,0,0,할리스커피
얼그레이 ICED,354,2,0,0,0,0,0,0,0,0,0,0,0,0,0,할리스커피
해남 녹차 HOT,354,4,0,0,0,0,0,0,0,0,0,0,0,0,0,할리스커피
해남 녹차 ICED,354,2,0,0,0,0,0,0,0,0,0,0,0,0,0,할리스커피
홍자몽차 HOT,354,113,0,17,0,0,0,0,19,0,0,0,0,0,0,할리스커피
홍자몽차 ICED,354,113,0,17,0,0,0,0,19,0,0,0,0,0,0,할리스커피
스퀴즈레몬차 HOT,354,195,0,35,0,0,0,0,19,0,0,0,0,0,0,할리스커피
스퀴즈레몬차 ICED,354,195,0,35,0,0,0,0,19,0,0,0,0,0,0,할리스커피
고흥 유자차 HOT,354,282,0,51,0,0,0,0,21,0,0,0,0,0,0,할리스커피
고흥 유자차 ICED,354,282,0,51,0,0,0,0,21,0,0,0,0,0,0,할리스커피
제주 한라봉 감귤차 HOT,354,203,0,44,0,1,0,0,5,0,0,0,0,0,0,할리스커피
제주 한라봉 감귤차 ICED,354,203,0,44,0,1,0,0,5,0,0,0,0,0,0,할리스커피
밀크티라떼 HOT,354,256,0,31,0,9,0,0,142,0,0,0,0,0,0,할리스커피
밀크티라떼 ICED,354,197,0,26,0,6,0,0,96,0,0,0,0,0,0,할리스커피
그린티라떼 HOT,354,258,0,30,0,9,0,0,139,0,0,0,0,0,0,할리스커피
그린티라떼 ICED,354,198,0,26,0,6,0,0,93,0,0,0,0,0,0,할리스커피
핫초코 HOT,354,404,0,45,0,10,0,0,166,0,0,0,0,0,0,할리스커피
핫초코 ICED,354,314,0,35,0,7,0,0,112,0,0,0,0,0,0,할리스커피
화이트초코 HOT,354,419,0,41,0,10,0,0,154,0,0,0,0,0,0,할리스커피
화이트초코 ICED,354,354,0,36,0,7,0,0,104,0,0,0,0,0,0,할리스커피
리얼 벨지안 초코 HOT,354,624,0,39,0,13,0,0,146,0,0,0,0,0,0,할리스커피
리얼 벨지안 초코 ICED,354,518,0,31,0,8,0,0,64,0,0,0,0,0,0,할리스커피
민트초코 HOT,354,320,0,44,0,11,0,0,213,0,0,0,0,0,0,할리스커피
민트초코 ICED,354,363,0,40,0,8,0,0,164,0,0,0,0,0,0,할리스커피
천도복숭아 주스,354,112,0,13,0,2,0,0,0,0,0,0,0,0,0,할리스커피
천도복숭아 스무디,354,197,0,46,0,1,0,0,6,0,0,0,0,0,0,할리스커피
망고오렌지 스무디,354,209,0,50,0,1,0,0,15,0,0,0,0,0,0,할리스커피
딸기 스무디,354,264,0,58,0,3,0,0,48,0,0,0,0,0,0,할리스커피
오렌지파인착즙스무디,354,187,0,19,0,2,0,0,25,0,0,0,0,0,0,할리스커피
비트사과착즙스무디,354,186,0,19,0,3,0,0,43,0,0,0,0,0,0,할리스커피
청포도케일착즙스무디,354,209,0,27,0,2,0,0,30,0,0,0,0,0,0,할리스커피
오렌지파인착즙주스,354,107,0,19,0,1,0,0,24,0,0,0,0,0,0,할리스커피
비트사과착즙주스,354,106,0,19,0,2,0,0,42,0,0,0,0,0,0,할리스커피
청포도케일착즙주스,354,129,0,27,0,1,0,0,29,0,0,0,0,0,0,할리스커피
블루베리 요거트 할리치노,354,287,0,56,0,7,0,0,176,0,0,0,0,0,0,할리스커피
플레인 요거트 할리치노,354,302,0,58,0,8,0,0,210,0,0,0,0,0,0,할리스커피
밀크티 할리치노,354,316,0,52,0,2,0,0,76,0,0,0,0,0,0,할리스커피
그린티 할리치노,354,412,0,57,0,7,0,0,143,0,0,0,0,0,0,할리스커피
다크초코칩 할리치노,354,658,0,50,0,8,0,0,45,0,0,0,0,0,0,할리스커피
민트 초코 할리치노,354,511,0,46,0,8,0,0,194,0,0,0,0,0,0,할리스커피
딸기치즈케익 할리치노,354,432,0,39,0,7,0,0,171,0,0,0,0,0,0,할리스커피
콜드브루 모카 할리치노,354,407,0,57,0,6,0,0,193,0,0,0,0,0,0,할리스커피
콜드브루 할리치노,354,307,0,34,0,5,0,0,178,0,0,0,0,0,0,할리스커피
더블베리 스파클링,472,144,0,33,0,0,0,0,19,0,0,0,0,0,0,할리스커피
복숭아 자두 스파클링,472,153,0,38,0,0,0,0,5,0,0,0,0,0,0,할리스커피
자몽 파인 스파클링 new,472,208,0,46,0,0,0,0,18,0,0,0,0,0,0,할리스커피
청포도 스파클링,472,189,0,42,0,0,0,0,19,0,0,0,0,0,0,할리스커피
